StudentNumber,Name,Surname,Image,DOB,Gender,Phone,Address,ModuleCode
1,Kerri,Ruthven,https://robohash.org/eosaccusantiumdelectus.png?size=50x50&set=set1,1992/06/24,F,564-109-3042,19 Coolidge Trail,BRL
2,Lawton,Vannuccinii,https://robohash.org/saepequaevoluptas.png?size=50x50&set=set1,1992/09/06,M,673-486-7984,1 Welch Point,UYU
3,Georgine,Pinchbeck,https://robohash.org/quisporroexcepturi.png?size=50x50&set=set1,1995/10/23,F,491-337-5049,4 Melody Way,EUR
4,Sander,Meyrick,https://robohash.org/laboreeosdolorum.png?size=50x50&set=set1,1997/01/27,M,828-395-2649,81 Orin Crossing,CNY
5,Tam,Stobbs,https://robohash.org/quoinomnis.png?size=50x50&set=set1,1994/05/20,M,260-826-8875,15 Eliot Terrace,BRL
6,Alethea,Baselli,https://robohash.org/namimpeditaut.png?size=50x50&set=set1,1997/03/27,F,171-530-3487,3050 Scofield Trail,PAB
7,Noel,Brisset,https://robohash.org/fugaetullam.png?size=50x50&set=set1,2004/09/15,F,691-539-8991,97604 Grayhawk Pass,PLN
8,Cordy,Ivimy,https://robohash.org/intotamaperiam.png?size=50x50&set=set1,1996/10/09,M,163-314-5963,6 School Court,HTG
9,Jarib,Dumbell,https://robohash.org/suntquosnecessitatibus.png?size=50x50&set=set1,1994/01/11,M,731-977-5462,4734 Old Shore Drive,EUR
10,Blakelee,Cuffin,https://robohash.org/similiquesuntillum.png?size=50x50&set=set1,1999/02/27,F,747-125-1235,4 Schurz Alley,MMK
11,Victoir,Ord,https://robohash.org/enimsapienteest.png?size=50x50&set=set1,2003/08/21,M,538-565-0474,4100 Gulseth Avenue,RUB
12,Juanita,Showler,https://robohash.org/blanditiisestet.png?size=50x50&set=set1,2002/11/26,F,252-669-9791,54 Delaware Way,EUR
13,Linnet,Foggarty,https://robohash.org/doloresvoluptatumnam.png?size=50x50&set=set1,2002/07/05,F,974-410-0983,75 Del Sol Lane,NPR
14,Bobbee,Poxon,https://robohash.org/remanimifuga.png?size=50x50&set=set1,1998/11/11,F,500-618-4401,5500 Oxford Park,CNY
15,Geri,Gater,https://robohash.org/quosarchitectosuscipit.png?size=50x50&set=set1,2003/08/07,F,466-265-3733,134 Bluestem Park,CNY
16,Quintana,Bindin,https://robohash.org/totamoccaecatiquidem.png?size=50x50&set=set1,1998/09/26,F,817-548-4340,0556 Dottie Hill,DOP
17,Jo ann,Blown,https://robohash.org/accusamusconsequaturconsequatur.png?size=50x50&set=set1,2002/11/10,F,451-263-2400,05093 Amoth Place,IDR
18,Clotilda,Ocheltree,https://robohash.org/voluptatemipsamea.png?size=50x50&set=set1,1994/06/13,F,103-874-9887,127 Oriole Terrace,NPR
19,Tove,Blazey,https://robohash.org/omnissedoptio.png?size=50x50&set=set1,1995/08/28,F,458-853-2624,49103 Oakridge Parkway,JPY
20,Ann-marie,Burbank,https://robohash.org/quiofficiisrerum.png?size=50x50&set=set1,1994/03/31,F,676-392-2183,24 Gulseth Trail,YER
21,Etti,Sowter,https://robohash.org/commodireiciendisodio.png?size=50x50&set=set1,2003/05/27,F,610-885-7147,67290 Northridge Junction,CNY
22,Nollie,Harman,https://robohash.org/dolorumrepellatneque.png?size=50x50&set=set1,1997/04/01,F,140-529-8404,093 Hayes Parkway,TND
23,Joey,Northbridge,https://robohash.org/voluptateofficiiscum.png?size=50x50&set=set1,1991/07/28,M,481-703-8581,45383 Transport Parkway,THB
24,Bud,Wadham,https://robohash.org/etsuntdolore.png?size=50x50&set=set1,1996/08/07,M,470-149-2977,35453 Northfield Drive,EUR
25,Arvin,Dunkley,https://robohash.org/errorutaut.png?size=50x50&set=set1,1997/02/19,M,140-530-0102,0 Farmco Road,EUR
26,Steve,Marrington,https://robohash.org/delenitinostrumquisquam.png?size=50x50&set=set1,1997/04/06,M,330-953-6797,7 Warner Park,USD
27,Sabine,Anthiftle,https://robohash.org/consequunturreiciendisratione.png?size=50x50&set=set1,1990/12/20,F,941-431-9675,82948 Manufacturers Center,RUB
28,Cal,MacKain,https://robohash.org/dolorsitexpedita.png?size=50x50&set=set1,2002/03/04,F,166-241-3605,842 Lakewood Gardens Lane,ALL
29,Arty,Raffan,https://robohash.org/consecteturrecusandaequia.png?size=50x50&set=set1,2001/07/28,M,543-134-1559,296 American Alley,RUB
30,Deane,Smewin,https://robohash.org/corporisutnisi.png?size=50x50&set=set1,2004/01/15,M,362-975-1898,98 Chive Center,PHP
31,Dulci,Duncan,https://robohash.org/hicquoeaque.png?size=50x50&set=set1,1994/02/25,F,742-295-7829,03662 Golf Course Plaza,CNY
32,Gretta,Thurby,https://robohash.org/velitconsequaturmolestiae.png?size=50x50&set=set1,2000/02/12,F,832-595-1616,68636 Morning Way,BRL
33,Natka,Mears,https://robohash.org/velitatquerepellendus.png?size=50x50&set=set1,1993/02/08,F,456-167-3797,001 Brentwood Court,RUB
34,Laney,Carabet,https://robohash.org/eaconsequaturvitae.png?size=50x50&set=set1,2000/11/01,M,250-433-2808,6 Buell Pass,THB
35,Morissa,Dawbery,https://robohash.org/nullaexplicaboqui.png?size=50x50&set=set1,2001/10/15,F,826-258-6332,11 Blackbird Alley,BRL
36,Burg,Bryceson,https://robohash.org/doloribusestsed.png?size=50x50&set=set1,2001/11/10,M,677-789-9185,3975 Melby Center,AZN
37,Ivor,Bennedsen,https://robohash.org/animidolorvoluptate.png?size=50x50&set=set1,1999/11/14,M,641-672-1847,8525 Rutledge Hill,JPY
38,Crissy,Jolliff,https://robohash.org/eosetdoloremque.png?size=50x50&set=set1,2000/01/30,F,649-359-7875,281 Waxwing Avenue,BRL
39,Darice,Petruska,https://robohash.org/nemomollitiafacilis.png?size=50x50&set=set1,2002/06/22,F,227-544-5844,72 Prairieview Pass,RUB
40,Pearla,Levitt,https://robohash.org/etremquidem.png?size=50x50&set=set1,2001/04/12,F,715-902-1304,10 Burning Wood Parkway,PEN
41,Sherm,Harding,https://robohash.org/consequunturaliquamanimi.png?size=50x50&set=set1,2000/01/21,M,928-656-1979,6994 Hermina Drive,PHP
42,Hilton,Jacquemet,https://robohash.org/aliquamenimet.png?size=50x50&set=set1,1996/01/17,M,293-481-3190,735 Mariners Cove Pass,CNY
43,Kaylee,Tomaschke,https://robohash.org/repellendusessepossimus.png?size=50x50&set=set1,1997/01/05,F,312-431-6352,24320 Briar Crest Drive,EUR
44,Hillyer,Benkhe,https://robohash.org/blanditiisevenietmaxime.png?size=50x50&set=set1,1991/11/21,M,975-513-8275,7 Crest Line Crossing,ARS
45,Lois,Standrin,https://robohash.org/magniestsit.png?size=50x50&set=set1,1998/07/19,F,759-918-4909,5 Waywood Pass,CNY
46,Humphrey,McCullouch,https://robohash.org/molestiaevoluptatealiquam.png?size=50x50&set=set1,1992/06/02,M,287-600-1487,53395 Forest Center,TZS
47,Robbie,Crang,https://robohash.org/minimanonid.png?size=50x50&set=set1,2002/10/06,M,239-242-0625,9039 Saint Paul Parkway,IDR
48,Dee dee,Westfield,https://robohash.org/nonestcupiditate.png?size=50x50&set=set1,1999/05/16,F,970-642-3025,63496 Northridge Terrace,PLN
49,Jasmine,McGebenay,https://robohash.org/enimsapienteveniam.png?size=50x50&set=set1,1992/04/06,F,463-291-2478,8869 Fulton Pass,EUR
50,Emmerich,Muttock,https://robohash.org/essedeseruntveritatis.png?size=50x50&set=set1,1994/12/11,M,477-737-2638,69381 3rd Place,VND
51,Hagen,Tregust,https://robohash.org/magnameiuset.png?size=50x50&set=set1,2004/10/25,M,219-113-5811,93732 Browning Trail,ARS
52,Chandra,Wolver,https://robohash.org/rerumtemporeassumenda.png?size=50x50&set=set1,2004/09/01,F,423-994-7759,031 Banding Alley,ETB
53,Frans,Chorlton,https://robohash.org/velitvoluptasest.png?size=50x50&set=set1,2001/06/12,M,655-236-7342,52 Mitchell Road,USD
54,Jose,Vasile,https://robohash.org/optiononinventore.png?size=50x50&set=set1,1991/08/15,M,519-549-6623,352 Hanson Pass,RSD
55,Blayne,Sellen,https://robohash.org/illoculpaquae.png?size=50x50&set=set1,1997/11/20,M,710-884-5951,68634 Morning Street,UAH
56,Debi,Stannah,https://robohash.org/molestiasexfuga.png?size=50x50&set=set1,2002/05/11,F,124-311-1323,4881 Debra Road,CNY
57,Albrecht,Quinlan,https://robohash.org/minusquasiaccusantium.png?size=50x50&set=set1,2001/06/02,M,906-321-3466,6 Golf View Court,PLN
58,Illa,Portal,https://robohash.org/eumsequiassumenda.png?size=50x50&set=set1,1998/11/12,F,703-385-8585,91490 Truax Lane,RUB
59,Mignonne,O'Hogertie,https://robohash.org/utautcorporis.png?size=50x50&set=set1,2001/03/29,F,715-750-8464,3 Warrior Park,PHP
60,Marketa,Lansdowne,https://robohash.org/utidnemo.png?size=50x50&set=set1,2000/06/10,F,252-432-6723,6 Scoville Parkway,UAH
61,Lilas,Shilito,https://robohash.org/facilisvoluptatepariatur.png?size=50x50&set=set1,1995/11/18,F,405-265-9078,3 Starling Way,USD
62,Juieta,Strippel,https://robohash.org/utdistinctioest.png?size=50x50&set=set1,1997/11/30,F,554-785-9255,6520 Toban Park,RUB
63,Feliks,Conrard,https://robohash.org/minusoditmagnam.png?size=50x50&set=set1,2004/05/07,M,879-145-0054,71073 Manitowish Parkway,CNY
64,Bernita,Surguine,https://robohash.org/possimusautad.png?size=50x50&set=set1,1991/01/18,F,958-986-7319,42185 Meadow Vale Place,MNT
65,Wang,Punchard,https://robohash.org/consequaturvoluptatemlaborum.png?size=50x50&set=set1,1992/06/28,M,395-763-5579,43 Fisk Crossing,MAD
66,Waylin,Lorence,https://robohash.org/pariaturetomnis.png?size=50x50&set=set1,1995/03/13,M,123-938-0141,33 Hintze Point,IDR
67,Shirl,Tyas,https://robohash.org/etmodidolor.png?size=50x50&set=set1,2004/07/20,F,953-432-9898,5 Glacier Hill Plaza,EUR
68,Flint,Lydall,https://robohash.org/quaefaceresimilique.png?size=50x50&set=set1,1995/04/28,M,690-199-1017,462 Sullivan Center,CNY
69,Winni,Mort,https://robohash.org/aliasdeserunthic.png?size=50x50&set=set1,2003/04/04,F,284-487-2941,97721 Riverside Point,CNY
70,Addy,Courtier,https://robohash.org/fugiatetporro.png?size=50x50&set=set1,1997/10/06,M,107-923-2673,7800 Pine View Lane,EUR
71,Collette,Mattiazzi,https://robohash.org/providentasperioresmodi.png?size=50x50&set=set1,1994/03/18,F,460-812-1124,050 Declaration Point,EUR
72,Shellysheldon,Speight,https://robohash.org/abautemquisquam.png?size=50x50&set=set1,2000/05/06,M,251-582-4231,1 Forest Run Drive,EUR
73,Rica,Kosel,https://robohash.org/rationeperferendisest.png?size=50x50&set=set1,2003/08/19,F,556-528-0133,1 Stone Corner Street,IDR
74,Iolande,Chiplen,https://robohash.org/adaperiamautem.png?size=50x50&set=set1,1994/01/23,F,800-452-2556,66 Gulseth Parkway,EUR
75,Bartholomeo,Lingner,https://robohash.org/dictanumquamquia.png?size=50x50&set=set1,2000/03/04,M,546-339-5853,50 Becker Lane,CZK
76,Tito,Waddington,https://robohash.org/quinullasoluta.png?size=50x50&set=set1,1994/08/11,M,573-999-5632,5 Lillian Street,CNY
77,Peggie,Williamson,https://robohash.org/quovoluptateomnis.png?size=50x50&set=set1,1995/12/01,F,159-111-9501,60 Haas Place,JPY
78,Herbert,Wooler,https://robohash.org/faciliscorruptiquidem.png?size=50x50&set=set1,1997/09/13,M,612-728-7885,59 Ryan Place,IDR
79,Nicky,Ambrose,https://robohash.org/exercitationemquaeratet.png?size=50x50&set=set1,2000/12/31,M,451-392-5474,80 Manley Pass,AUD
80,Frankie,Acosta,https://robohash.org/perspiciatisrecusandaealiquid.png?size=50x50&set=set1,1993/03/28,F,133-918-6935,72 Hintze Avenue,SEK
81,Alexander,Eleshenar,https://robohash.org/earumidodio.png?size=50x50&set=set1,2003/06/02,M,638-737-8710,9265 Gerald Pass,EUR
82,Benedicta,Hairsine,https://robohash.org/impeditmagnamcorporis.png?size=50x50&set=set1,2004/06/20,F,392-978-2100,2 Blaine Park,GHS
83,Nancy,Brouard,https://robohash.org/suscipitdoloresquas.png?size=50x50&set=set1,2000/12/14,F,732-204-8969,11220 Commercial Place,NGN
84,Earl,Pickard,https://robohash.org/iureillumomnis.png?size=50x50&set=set1,2000/09/20,M,706-949-1361,81 Raven Street,USD
85,Luelle,Rash,https://robohash.org/abquistenetur.png?size=50x50&set=set1,1994/06/23,F,992-919-0353,9 Scott Point,KRW
86,Ranice,Gleder,https://robohash.org/reprehenderitquilaboriosam.png?size=50x50&set=set1,1993/07/06,F,919-862-3401,1047 Stang Circle,JPY
87,Simon,Vanyashin,https://robohash.org/repudiandaeomnismollitia.png?size=50x50&set=set1,2004/02/03,M,408-270-9188,8 6th Street,EUR
88,Annemarie,Drinan,https://robohash.org/natussaepemaxime.png?size=50x50&set=set1,1992/07/15,F,852-168-9769,47823 Pleasure Trail,CNY
89,Clea,Lyosik,https://robohash.org/dignissimosveniameveniet.png?size=50x50&set=set1,1999/05/07,F,859-508-4574,11060 Sherman Center,CNY
90,Allison,Lowndes,https://robohash.org/quisquamnostrumcumque.png?size=50x50&set=set1,2000/04/29,F,209-169-8323,7059 Bunker Hill Lane,IDR
91,Wait,Trappe,https://robohash.org/excepturirerumqui.png?size=50x50&set=set1,2002/05/12,M,497-475-3911,0 Truax Point,PLN
92,Barret,Gentery,https://robohash.org/sitvelea.png?size=50x50&set=set1,1998/06/22,M,932-521-6474,0 Springs Place,NGN
93,Amelina,Pickaver,https://robohash.org/occaecatimaioresquo.png?size=50x50&set=set1,2001/10/04,F,127-451-7233,8 Melby Crossing,CNY
94,Sheri,Mayzes,https://robohash.org/perspiciatisveroqui.png?size=50x50&set=set1,2003/01/20,F,819-254-8756,90 Milwaukee Crossing,MRO
95,Papagena,Rolling,https://robohash.org/molestiasexqui.png?size=50x50&set=set1,2004/11/05,F,936-220-8283,5839 Harbort Court,IDR
96,Flora,Coenraets,https://robohash.org/veronullaeum.png?size=50x50&set=set1,1994/02/25,F,510-722-9312,4 Dexter Park,CNY
97,Vanni,Simond,https://robohash.org/seddoloresarchitecto.png?size=50x50&set=set1,2001/02/21,F,892-982-8875,53 Mendota Circle,CZK
98,Alaster,Moreno,https://robohash.org/seddoloribussit.png?size=50x50&set=set1,1994/10/16,M,542-163-4956,6 Eggendart Parkway,BRL
99,Mathias,Jaynes,https://robohash.org/voluptasquisquamet.png?size=50x50&set=set1,1997/08/14,M,364-741-2769,9 Dakota Crossing,MNT
100,Perry,Grundell,https://robohash.org/natusquidemperspiciatis.png?size=50x50&set=set1,1998/10/08,F,242-138-5817,99772 Kedzie Road,UYU
101,Cymbre,Rye,https://robohash.org/aliasharumfacere.png?size=50x50&set=set1,1995/05/06,F,765-872-2375,44108 Almo Street,IDR
102,Odey,Broseman,https://robohash.org/enimlaboriosamfugit.png?size=50x50&set=set1,2004/01/14,M,228-296-4567,6845 Corscot Parkway,EUR
103,Latisha,Sickert,https://robohash.org/quamadipiscivel.png?size=50x50&set=set1,1997/03/13,F,778-148-4722,2 Hoepker Junction,IDR
104,Jamey,O'Sheilds,https://robohash.org/laboriosamcorruptimagni.png?size=50x50&set=set1,1995/09/16,M,212-759-8216,26 Golf View Avenue,VEF
105,Bendick,Gouch,https://robohash.org/eaeosvoluptatibus.png?size=50x50&set=set1,1995/08/18,M,883-572-3849,61 Becker Terrace,UGX
106,Mariette,Brookwood,https://robohash.org/teneturquaeomnis.png?size=50x50&set=set1,2001/09/13,F,846-585-6099,1 Grover Pass,EUR
107,Farrell,Gearing,https://robohash.org/sintestreprehenderit.png?size=50x50&set=set1,2000/08/05,M,416-719-7840,976 Corben Trail,CNY
108,Poul,Dewis,https://robohash.org/voluptatumfugiteveniet.png?size=50x50&set=set1,1996/02/14,M,962-968-2530,959 Dayton Court,RUB
109,Maureen,Mealand,https://robohash.org/evenietquianulla.png?size=50x50&set=set1,2001/11/22,F,453-322-8897,9029 Moland Way,COP
110,Burnaby,Neathway,https://robohash.org/idoptionon.png?size=50x50&set=set1,1999/05/27,M,974-863-7424,593 Jenifer Trail,PLN
111,Georgiana,Wenderoth,https://robohash.org/quovoluptatesin.png?size=50x50&set=set1,1994/10/24,F,628-771-3006,56 Westridge Parkway,ALL
112,Clerkclaude,Lindroos,https://robohash.org/quasatqueet.png?size=50x50&set=set1,1996/01/01,M,456-379-7627,39 Shelley Street,RUB
113,Aimee,Artiss,https://robohash.org/similiqueautaut.png?size=50x50&set=set1,2003/01/05,F,780-500-7781,2516 Canary Place,PYG
114,Kale,Jersch,https://robohash.org/nesciuntfugitamet.png?size=50x50&set=set1,1996/06/27,M,600-191-0648,183 Scoville Drive,PHP
115,Elliott,Jack,https://robohash.org/officiisdolorumet.png?size=50x50&set=set1,1994/12/11,M,740-551-1461,8225 Muir Pass,RUB
116,Udale,Derx,https://robohash.org/autquidemut.png?size=50x50&set=set1,1998/01/27,M,286-828-4879,0326 Shoshone Plaza,PHP
117,Dermot,Barthelme,https://robohash.org/iustoetdolor.png?size=50x50&set=set1,1995/06/17,M,948-806-9405,6036 Merry Drive,XCD
118,Bethanne,O'Fearguise,https://robohash.org/omnisquosqui.png?size=50x50&set=set1,1996/07/14,F,901-160-4471,607 Oriole Trail,USD
119,Alfy,Haslewood,https://robohash.org/suntauta.png?size=50x50&set=set1,1997/07/10,M,994-405-8625,21925 Hollow Ridge Center,CNY
120,Catha,Manes,https://robohash.org/consequaturculpaest.png?size=50x50&set=set1,1995/10/25,F,774-931-9834,0310 Badeau Street,EUR
121,Urbanus,Tomblings,https://robohash.org/saepeeosfugiat.png?size=50x50&set=set1,1992/06/09,M,665-999-5634,264 Dwight Avenue,YER
122,Rudolfo,Storie,https://robohash.org/doloremreiciendiseius.png?size=50x50&set=set1,1998/01/26,M,512-306-5803,9 Novick Park,RUB
123,Fred,Gomer,https://robohash.org/doloremmolestiaenon.png?size=50x50&set=set1,1993/10/06,F,657-983-0679,51 3rd Plaza,PYG
124,Linet,Thomsen,https://robohash.org/voluptatibusetsed.png?size=50x50&set=set1,1993/03/11,F,973-439-1775,19856 Glacier Hill Hill,PLN
125,Pansy,Clara,https://robohash.org/doloremdoloribusquis.png?size=50x50&set=set1,1998/05/09,F,240-952-8010,714 Leroy Crossing,EUR
126,Ardeen,Ferronet,https://robohash.org/rerumatperferendis.png?size=50x50&set=set1,1996/04/07,F,267-539-7250,2947 Clyde Gallagher Way,USD
127,Kandace,Gratten,https://robohash.org/veroexplicaboet.png?size=50x50&set=set1,1996/08/01,F,437-576-0853,6023 Katie Park,MXN
128,Feliks,Islep,https://robohash.org/velitquisaliquam.png?size=50x50&set=set1,1993/09/04,M,221-158-3210,198 Clyde Gallagher Junction,PHP
129,Phaidra,Beer,https://robohash.org/laudantiumenimipsum.png?size=50x50&set=set1,1994/03/23,F,929-654-7141,7 Lukken Plaza,CNY
130,Ursulina,Wassung,https://robohash.org/dictavoluptatemat.png?size=50x50&set=set1,2004/03/19,F,549-405-8204,19 Magdeline Terrace,ARS
131,Brita,Durand,https://robohash.org/quidemquisdolor.png?size=50x50&set=set1,1999/11/08,F,347-207-7986,744 Sachtjen Center,CNY
132,Hal,Keyzman,https://robohash.org/optioerrortempore.png?size=50x50&set=set1,1992/02/13,M,127-159-1228,328 Elka Parkway,RUB
133,Dory,Simison,https://robohash.org/iuretotamaut.png?size=50x50&set=set1,1993/07/03,M,222-620-2622,7 Schurz Street,CNY
134,Kinny,Grestye,https://robohash.org/reiciendisnesciunteius.png?size=50x50&set=set1,1994/12/08,M,325-277-3106,670 Elgar Terrace,NGN
135,Howey,McCurtin,https://robohash.org/voluptasprovidentqui.png?size=50x50&set=set1,2004/07/17,M,577-355-2029,98 Huxley Way,PHP
136,Fairleigh,Hassen,https://robohash.org/adipisciillummolestiae.png?size=50x50&set=set1,2000/09/24,M,683-621-0706,907 Dorton Avenue,CZK
137,Frans,Dudlestone,https://robohash.org/eumminimanesciunt.png?size=50x50&set=set1,1996/07/25,M,838-477-7035,47 Texas Point,ZMW
138,Patten,Hexter,https://robohash.org/possimusassumendaenim.png?size=50x50&set=set1,1993/07/15,M,879-102-5558,7759 Karstens Alley,PHP
139,Arne,Sacher,https://robohash.org/perferendisofficiiset.png?size=50x50&set=set1,2000/01/19,M,577-726-8273,390 Meadow Valley Circle,CRC
140,Barde,Galsworthy,https://robohash.org/facilisquaeratlaudantium.png?size=50x50&set=set1,1993/04/25,M,874-699-1205,1 Myrtle Plaza,RUB
141,Ronalda,Jowers,https://robohash.org/fugaomnispraesentium.png?size=50x50&set=set1,1992/01/15,F,354-227-9644,65 High Crossing Junction,PLN
142,Erwin,MacMenamie,https://robohash.org/autpraesentiumtemporibus.png?size=50x50&set=set1,1997/07/27,M,757-293-5672,04134 Ohio Pass,RUB
143,Rafa,Mawson,https://robohash.org/sintinreiciendis.png?size=50x50&set=set1,1996/09/28,F,806-321-5401,551 Continental Court,IDR
144,Ado,Dugall,https://robohash.org/eiussolutadolores.png?size=50x50&set=set1,1997/05/26,M,564-819-6819,2 Pine View Way,EUR
145,Erda,Leadbeater,https://robohash.org/adeiusest.png?size=50x50&set=set1,1998/11/26,F,785-567-7242,62 Donald Way,CNY
146,Ira,Simoneau,https://robohash.org/architectositomnis.png?size=50x50&set=set1,1994/10/20,M,959-284-9156,0225 Bellgrove Plaza,PLN
147,Charlotta,Outridge,https://robohash.org/consequaturquiaodit.png?size=50x50&set=set1,1999/08/18,F,197-478-2239,97901 Brown Trail,PEN
148,Sheila,Klossek,https://robohash.org/autemmodidolores.png?size=50x50&set=set1,1999/04/09,F,825-561-9482,9043 Miller Terrace,RUB
149,Hube,Hustings,https://robohash.org/officiisculpanon.png?size=50x50&set=set1,1993/08/20,M,832-293-4667,2206 Anthes Crossing,THB
150,Ashlin,Girkin,https://robohash.org/natusliberoaliquid.png?size=50x50&set=set1,1994/10/20,M,875-779-2097,8389 Crest Line Pass,THB
